workload,workers,wall_clock_time_s,wall_clock_std_s,throughput_origins_per_s,speedup,efficiency
A-BSP,1,43.08715166666667,0.30915184582068156,1.4854126666666667,1.0,1.0
A-BSP,2,24.209227,0.33881664918802384,2.6439679999999997,1.7798,0.8899
A-BSP,4,14.099046333333334,0.37842668632422516,4.541465333333334,3.0559999999999996,0.7639999999999999
B-FANOUT,1,5.587604,0.03545423000151072,11.454231333333334,1.0,1.0
B-FANOUT,2,3.345512333333333,0.0252830976016256,19.130830333333332,1.6702000000000001,0.8351000000000001
B-FANOUT,4,1.901088,0.017483543433755057,33.66684166666666,2.9392,0.7348
