metrica,jpg (A),parquet (B),delta
throughput (img/s),2432.889638953355,3301.5439620895118,1.36x
GPU util (%),76.62965556593008,92.37518037518038,+16 pp
CPU util (%),92.18198723934016,85.6169191919192,-7 pp
teto CPU/leitura (img/s),2760.659281584652,6330.842059201913,2.29x
GPU desperdicada (%),27.25609749089384,9.698885469602846,-18 pp
